"","km.res$cluster","name","CD20ng","Mn2n6n","Mn2n6p","Mn2p6n","Mn2p6p","Mp2n6n","Mp2n6p","Mp2p6n","Mp2p6p"
"A1_02_01.RDS",1,"A1_02_01.RDS","403","323","268","557","1390","239","138","373","734"
"A1_02_02.RDS",1,"A1_02_02.RDS","773","294","292","374","1420","171","124","305","853"
"A1_02_03.RDS",1,"A1_02_03.RDS","500","38","26","281","465","31","11","174","288"
"A1_02_04.RDS",2,"A1_02_04.RDS","796","46","25","187","354","34","9","161","160"
"A1_02_05.RDS",1,"A1_02_05.RDS","592","378","198","658","619","272","37","236","98"
"A1_02_06.RDS",2,"A1_02_06.RDS","656","335","345","564","653","210","59","201","105"
"A1_02_07.RDS",1,"A1_02_07.RDS","645","224","131","308","1115","37","50","139","546"
"A1_02_08.RDS",1,"A1_02_08.RDS","736","198","74","227","975","55","40","94","578"
"A1_02_09.RDS",1,"A1_02_09.RDS","1243","309","83","215","117","114","89","96","196"
"A1_02_10.RDS",1,"A1_02_10.RDS","994","283","141","221","113","84","70","79","120"
"A1_02_11.RDS",2,"A1_02_11.RDS","559","1299","108","12","10","367","28","3","1"
"A1_03_01.RDS",2,"A1_03_01.RDS","1014","516","313","521","391","125","60","223","124"
"A1_03_02.RDS",2,"A1_03_02.RDS","1076","485","203","739","596","111","56","387","319"
"A1_03_03.RDS",1,"A1_03_03.RDS","732","140","209","138","968","159","193","308","1196"
"A1_03_04.RDS",1,"A1_03_04.RDS","784","166","94","314","832","111","65","412","767"
"A1_03_06.RDS",2,"A1_03_06.RDS","165","96","27","120","177","87","14","87","85"
"A1_03_07.RDS",1,"A1_03_07.RDS","343","38","18","313","268","39","26","1008","1217"
"A1_03_08.RDS",1,"A1_03_08.RDS","358","166","142","128","187","293","281","717","886"
"A1_03_10.RDS",1,"A1_03_10.RDS","396","145","172","67","144","43","169","16","106"
"A1_03_11.RDS",2,"A1_03_11.RDS","1601","1","1",NA,NA,NA,NA,NA,NA
"A1_03_12.RDS",2,"A1_03_12.RDS","1121","1","7","1","1",NA,NA,NA,NA
"A1_04_02.RDS",1,"A1_04_02.RDS","80","23","52","4","170","35","165","8","362"
"A1_04_03.RDS",1,"A1_04_03.RDS","725","354","544","1044","1828","61","20","125","41"
"A1_04_04.RDS",1,"A1_04_04.RDS","517","391","623","1168","1765","96","25","201","81"
"A1_04_05.RDS",1,"A1_04_05.RDS","1015","76","40","220","618","66","52","181","471"
"A1_04_06.RDS",1,"A1_04_06.RDS","802","150","66","384","519","117","54","251","514"
"A1_04_08.RDS",2,"A1_04_08.RDS","2108","963","172","1072","277","190","25","249","30"
"A1_04_11.RDS",1,"A1_04_11.RDS","375","149","103","236","424","94","88","210","540"
"A1_04_12.RDS",1,"A1_04_12.RDS","565","121","50","382","520","71","39","237","498"
"A1_05_03.RDS",1,"A1_05_03.RDS","839","416","1046","296","618","172","464","96","176"
"A1_05_04.RDS",2,"A1_05_04.RDS","559","515","1100","607","273","225","581","120","80"
"A1_05_05.RDS",1,"A1_05_05.RDS","650","313","804","39","55","346","953","22","52"
"A1_05_07.RDS",1,"A1_05_07.RDS","1072","208","22","586","248","36","1","228","38"
"A1_05_08.RDS",1,"A1_05_08.RDS","1339","308","55","460","268","64","10","178","78"
"A1_05_09.RDS",1,"A1_05_09.RDS","481","330","135","208","373","92","87","242","432"
"A1_05_10.RDS",1,"A1_05_10.RDS","1076","333","75","185","107","122","103","168","260"
"A1_05_11.RDS",1,"A1_05_11.RDS","927","308","154","81","74","200","189","75","154"
"A1_06_01.RDS",2,"A1_06_01.RDS","420","60","172","9","42","225","1090","21","119"
"A1_06_02.RDS",1,"A1_06_02.RDS","570","159","108","40","37","351","1034","86","184"
"A1_06_03.RDS",1,"A1_06_03.RDS","296","120","259","410","2186","36","90","66","588"
"A1_06_04.RDS",1,"A1_06_04.RDS","365","113","348","326","1706","51","136","183","815"
"A1_06_05.RDS",1,"A1_06_05.RDS","433","278","429","405","1405","103","59","176","184"
"A1_06_06.RDS",1,"A1_06_06.RDS","714","253","366","323","1314","120","61","150","114"
"A1_06_07.RDS",1,"A1_06_07.RDS","641","134","165","199","719","70","194","89","731"
"A1_06_08.RDS",1,"A1_06_08.RDS","1308","257","364","214","608","97","245","84","326"
"A1_06_09.RDS",1,"A1_06_09.RDS","416","124","55","56","42","305","486","179","659"
"A1_06_10.RDS",1,"A1_06_10.RDS","511","74","38","37","25","124","256","89","484"
"A1_06_11.RDS",1,"A1_06_11.RDS","460","224","288","536","1041","38","3","67","34"
"A1_06_12.RDS",1,"A1_06_12.RDS","499","272","402","565","1121","47","27","51","80"
"A1_07_01.RDS",1,"A1_07_01.RDS","2332","113","63","65","87","4","1","6","3"
"A1_07_02.RDS",1,"A1_07_02.RDS","2221","108","48","61","63","1","1",NA,NA
"A1_07_03.RDS",1,"A1_07_03.RDS","582","321","574","213","461","82","38","66","31"
"A1_07_04.RDS",1,"A1_07_04.RDS","1008","249","494","273","365","124","35","81","25"
"A1_07_05.RDS",2,"A1_07_05.RDS","921","137","69","308","345","103","190","170","1202"
"A1_07_06.RDS",2,"A1_07_06.RDS","1070","123","60","225","305","147","225","207","1221"
"A1_07_07.RDS",1,"A1_07_07.RDS","318","503","130","209","109","67","96","83","106"
"A1_07_08.RDS",1,"A1_07_08.RDS","425","404","168","144","75","108","99","126","129"
"A1_07_11.RDS",1,"A1_07_11.RDS","405","197","127","330","876","111","80","378","1003"
"A1_07_12.RDS",1,"A1_07_12.RDS","422","163","158","367","1002","57","78","353","805"
"A2_01_01.RDS",1,"A2_01_01.RDS","1458","119","163","142","426","85","65","70","150"
"A2_01_02.RDS",1,"A2_01_02.RDS","1856","158","190","69","141","98","63","57","92"
"A2_01_05.RDS",1,"A2_01_05.RDS","712","176","367","236","912","145","269","160","491"
"A2_01_06.RDS",1,"A2_01_06.RDS","971","213","268","364","868","176","265","220","502"
"A2_01_09.RDS",1,"A2_01_09.RDS","3045","143","65","497","93","74","43","236","29"
"A2_01_10.RDS",2,"A2_01_10.RDS","1309","168","13","651","68","25","5","195","27"
"A2_01_11.RDS",1,"A2_01_11.RDS","438","197","332","124","711","311","577","186","729"
"A2_01_12.RDS",1,"A2_01_12.RDS","671","195","448","149","673","382","747","248","660"
"A2_02_02.RDS",2,"A2_02_02.RDS","921","6","1","232","301","7","1","110","44"
"A2_02_03.RDS",1,"A2_02_03.RDS","1117","42","73","21","79","13","76","3","19"
"A2_02_04.RDS",1,"A2_02_04.RDS","284","105","228","124","430","56","197","74","274"
"A2_02_05.RDS",2,"A2_02_05.RDS","939","399","125","1239","769","263","89","3227","1477"
"A2_02_06.RDS",1,"A2_02_06.RDS","1090","186","165","382","726","120","80","800","903"
"A2_02_07.RDS",1,"A2_02_07.RDS","2616","241","41","435","112","19","5","35","4"
"A2_02_08.RDS",2,"A2_02_08.RDS","1368","270","15","455","78","13","31","5",NA
"A2_02_09.RDS",2,"A2_02_09.RDS","915","367","271","410","1490","97","109","152","739"
"A2_02_10.RDS",2,"A2_02_10.RDS","847","433","339","582","1881","60","69","101","506"
"A2_02_11.RDS",1,"A2_02_11.RDS","352","760","87","325","80","637","50","455","55"
"A2_02_12.RDS",1,"A2_02_12.RDS","258","767","73","384","93","584","64","409","119"
"A2_03_01.RDS",2,"A2_03_01.RDS","561","102","103","139","385","82","116","351","773"
"A2_03_03.RDS",1,"A2_03_03.RDS","3192","3",NA,NA,NA,NA,NA,NA,NA
"A2_03_04.RDS",1,"A2_03_04.RDS","3442",NA,NA,NA,NA,NA,NA,NA,NA
"A2_03_05.RDS",1,"A2_03_05.RDS","357","68","25","172","192","47","31","501","424"
"A2_03_07.RDS",1,"A2_03_07.RDS","426","45","71","151","582","50","23","103","341"
"A2_03_08.RDS",1,"A2_03_08.RDS","417","84","104","170","677","73","81","208","768"
"A2_03_11.RDS",1,"A2_03_11.RDS","542","212","398","419","2185","69","25","90","116"
"A2_03_12.RDS",2,"A2_03_12.RDS","756","98","108","288","1777","57","13","111","295"
"A2_04_01.RDS",1,"A2_04_01.RDS","1079","160","109","502","1036","39","21","198","190"
"A2_04_02.RDS",1,"A2_04_02.RDS","845","145","99","623","1129","30","6","167","165"
"A2_04_03.RDS",2,"A2_04_03.RDS","732","1472","706","162","84","238","250","73","33"
"A2_04_04.RDS",2,"A2_04_04.RDS","579","1194","1550","319","166","187","580","110","88"
"A2_04_05.RDS",1,"A2_04_05.RDS","445","167","255","55","21","144","666","22","86"
"A2_04_06.RDS",1,"A2_04_06.RDS","516","221","212","58","18","95","699","12","53"
"A2_04_07.RDS",1,"A2_04_07.RDS","1443","186","799","51","104","36","63","14","9"
"A2_04_08.RDS",1,"A2_04_08.RDS","1859","197","542","187","199","42","91","45","36"
"A2_04_09.RDS",1,"A2_04_09.RDS","1059","4","13","6","8","92","58","1024","784"
"A2_04_10.RDS",1,"A2_04_10.RDS","1223","30","29","45","20","173","67","611","494"
"A2_04_11.RDS",1,"A2_04_11.RDS","430","85","8","221","83","55","25","1166","706"
"A2_04_12.RDS",1,"A2_04_12.RDS","502","115","14","190","58","170","74","1229","926"
"A2_05_01.RDS",2,"A2_05_01.RDS","1571","110","9","215","50","8","2","44","13"
"A2_05_02.RDS",2,"A2_05_02.RDS","946","51","6","109","31","3","1","8","6"
"A2_05_03.RDS",1,"A2_05_03.RDS","1442","325","177","1301","1121","48","17","357","201"
"A2_05_04.RDS",2,"A2_05_04.RDS","908","547","302","1549","1437","62","27","292","214"
"A2_05_05.RDS",1,"A2_05_05.RDS","1182","224","192","220","374","79","67","36","114"
"A2_05_06.RDS",1,"A2_05_06.RDS","1368","260","101","158","222","75","51","57","136"
"A2_05_07.RDS",1,"A2_05_07.RDS","412","317","150","998","669","108","58","417","282"
"A2_05_08.RDS",1,"A2_05_08.RDS","278","307","116","839","650","40","44","238","259"
"A2_05_09.RDS",1,"A2_05_09.RDS","1522","550","173","643","70","100","26","86","9"
"A2_05_10.RDS",1,"A2_05_10.RDS","1370","712","217","657","50","168","27","102","13"
"A2_05_11.RDS",1,"A2_05_11.RDS","425","183","139","369","937","32","34","133","337"
"A2_05_12.RDS",1,"A2_05_12.RDS","534","271","275","396","843","51","39","99","190"
"A2_06_01.RDS",2,"A2_06_01.RDS","208","52","152","100","449","39","82","76","304"
"A2_06_03.RDS",2,"A2_06_03.RDS","1791","565","19","1161","29","332","7","579","12"
"A2_06_04.RDS",2,"A2_06_04.RDS","1155","299","6","1010","24","78","2","291","7"
"A2_06_05.RDS",1,"A2_06_05.RDS","517","271","186","505","1314","54","17","137","255"
"A2_06_07.RDS",2,"A2_06_07.RDS","465","256","200","215","614","45","22","28","108"
"A2_06_08.RDS",1,"A2_06_08.RDS","787","58","20","364","501","15","8","53","88"
"A2_06_09.RDS",1,"A2_06_09.RDS","412","207","9","319","20","204","2","1335","18"
"A2_07_01.RDS",1,"A2_07_01.RDS","400","178","149","283","955","99","50","69","453"
"A2_07_02.RDS",1,"A2_07_02.RDS","518","163","193","259","1110","49","94","93","737"
"A2_07_03.RDS",2,"A2_07_03.RDS","1074","206","97","149","201","19","18","22","63"
"A2_07_04.RDS",1,"A2_07_04.RDS","375","149","76","752","765","32","19","144","227"
"A2_07_05.RDS",1,"A2_07_05.RDS","614","237","251","359","1284","111","72","123","328"
"A2_07_06.RDS",1,"A2_07_06.RDS","746","216","289","211","892","91","150","109","641"
"A2_07_07.RDS",1,"A2_07_07.RDS","994","644","931","217","285","82","189","32","74"
"A2_07_10.RDS",1,"A2_07_10.RDS","1554","245","26","435","79","72","18","521","185"
"A2_07_11.RDS",2,"A2_07_11.RDS","1146","1086","239","2411","1055","88","6","239","11"
"A2_07_12.RDS",2,"A2_07_12.RDS","1154","804","401","1922","1652","84","8","299","41"
"A3_01_01.RDS",1,"A3_01_01.RDS","2174","255","274","481","157","142","63","310","37"
"A3_01_02.RDS",1,"A3_01_02.RDS","1677","534","384","809","229","124","60","174","37"
"A3_01_03.RDS",1,"A3_01_03.RDS","469","234","45","319","41","96","9","669","149"
"A3_01_05.RDS",2,"A3_01_05.RDS","268","52","15","173","78","53","19","282","522"
"A3_01_06.RDS",2,"A3_01_06.RDS","577","72","9","101","33","145","105","534","967"
"A3_01_07.RDS",1,"A3_01_07.RDS","727","201","62","520","495","71","7","213","42"
"A3_01_08.RDS",1,"A3_01_08.RDS","715","181","46","484","398","48","2","101","15"
"A3_01_09.RDS",1,"A3_01_09.RDS","732","204","268","123","229","148","161","114","178"
"A3_01_10.RDS",1,"A3_01_10.RDS","774","432","214","220","118","178","138","110","108"
"A3_01_11.RDS",1,"A3_01_11.RDS","880","146","70","439","664","28","43","270","714"
"A3_01_12.RDS",1,"A3_01_12.RDS","1069","189","105","397","519","28","71","217","748"
"A3_02_01.RDS",1,"A3_02_01.RDS","477","289","13","982","368","75","6","363","407"
"A3_02_02.RDS",1,"A3_02_02.RDS","579","241","8","925","331","72","12","529","423"
"A3_02_03.RDS",1,"A3_02_03.RDS","516","107","119","111","322","149","256","501","1561"
"A3_02_04.RDS",1,"A3_02_04.RDS","693","74","41","65","100","104","197","743","2023"
"A3_02_05.RDS",1,"A3_02_05.RDS","238","19","2","658","383","3","3","413","174"
"A3_02_06.RDS",1,"A3_02_06.RDS","212","108","15","719","653","23","617","259",NA
"A3_02_07.RDS",1,"A3_02_07.RDS","399","1039","190","1845","187",NA,NA,NA,NA
"A3_02_08.RDS",1,"A3_02_08.RDS","679","1332","184","1","1783","105",NA,NA,NA
"A3_02_09.RDS",1,"A3_02_09.RDS","2814","270","44","286","167","13","3","118","81"
"A3_02_10.RDS",1,"A3_02_10.RDS","2547","439","48","266","193","12","6","124","76"
"A3_03_02.RDS",1,"A3_03_02.RDS","610","135","64","132","431","170","238","261","1892"
"A3_03_06.RDS",1,"A3_03_06.RDS","466","98","140","137","560","63","335","178","2424"
"A3_03_08.RDS",2,"A3_03_08.RDS","657","275","55","981","666","69","39","538","448"
"A3_03_09.RDS",1,"A3_03_09.RDS","574","194","58","172","40","380","468","290","368"
"A3_03_10.RDS",1,"A3_03_10.RDS","784","663","177","573","636",NA,NA,NA,NA
"A3_03_11.RDS",1,"A3_03_11.RDS","448","180","158","82","57","246","67","229","100"
"A3_03_12.RDS",1,"A3_03_12.RDS","508","370","203","105","45","269","65","156","59"
"A3_04_01.RDS",1,"A3_04_01.RDS","468","362","1027","112","551","70","192","45","140"
"A3_04_02.RDS",1,"A3_04_02.RDS","351","391","1075","88","359","72","145","16","44"
"A3_04_05.RDS",1,"A3_04_05.RDS","509","37","14","193","575","45","15","140","566"
"A3_04_06.RDS",1,"A3_04_06.RDS","418","110","105","217","1148","41","51","89","714"
"A3_04_07.RDS",1,"A3_04_07.RDS","961","235","37","606","26","57","2","1113","19"
"A3_04_08.RDS",1,"A3_04_08.RDS","1934","438","25","483","25","105","2","910","7"
"A3_04_09.RDS",1,"A3_04_09.RDS","1063","525","78","589","162","224","38","337","121"
"A3_04_10.RDS",1,"A3_04_10.RDS","843","393","70","590","199","172","45","437","210"
"A3_05_02.RDS",1,"A3_05_02.RDS","404","135","750","77","151","71","450","22","109"
"A3_05_03.RDS",1,"A3_05_03.RDS","1108","344","62","319","220","52","28","89","157"
"A3_05_04.RDS",1,"A3_05_04.RDS","827","273","153","147","321","53","65","79","233"
"A3_05_05.RDS",1,"A3_05_05.RDS","815","248","155","180","170","70","45","617","287"
"A3_05_06.RDS",1,"A3_05_06.RDS","496","213","230","231","162","63","31","808","291"
"A3_05_07.RDS",1,"A3_05_07.RDS","1248","365","347","441","647","120","72","283","331"
"A3_05_08.RDS",1,"A3_05_08.RDS","773","314","284","228","292","150","105","162","129"
"A3_05_09.RDS",2,"A3_05_09.RDS","975","186","55","331","131","97","11","194","29"
"A3_06_01.RDS",1,"A3_06_01.RDS","402","78","6","248","111","124","22","1579","570"
"A3_06_02.RDS",1,"A3_06_02.RDS","415","101","18","249","177","195","32","1409","556"
"A3_06_03.RDS",1,"A3_06_03.RDS","1448","321","136","934","643","55","53","159","236"
"A3_06_04.RDS",2,"A3_06_04.RDS","1765","421","56","1269","360","38","27","171","172"
"A3_06_05.RDS",1,"A3_06_05.RDS","587","214","11","548","144","83","9","1238","176"
"A3_06_06.RDS",1,"A3_06_06.RDS","789","216","39","483","168","93","13","826","288"
"A3_06_07.RDS",1,"A3_06_07.RDS","683","806","618","244","183",NA,NA,NA,NA
"A3_06_08.RDS",1,"A3_06_08.RDS","830","163","27","325","579","75","12","84","253"
"A3_06_09.RDS",1,"A3_06_09.RDS","597","106","143","193","1263","16","25","88","421"
"A3_06_11.RDS",2,"A3_06_11.RDS","2108","103","3","49","4","11","1","17",NA
"A3_06_12.RDS",1,"A3_06_12.RDS","941","505","53","233","23","328","49","487","53"
"A3_07_01.RDS",1,"A3_07_01.RDS","397","52","13","91","167","11","6","302","338"
"A3_07_02.RDS",1,"A3_07_02.RDS","490","97","57","223","180","38","8","555","384"
"A3_07_03.RDS",2,"A3_07_03.RDS","184","127","10","211","69","74","8","115","33"
"A3_07_04.RDS",1,"A3_07_04.RDS","755","399","113","523","369","289","55","333","205"
"A3_07_05.RDS",1,"A3_07_05.RDS","1050","294","114","239","311","65","70","123","604"
"A3_07_06.RDS",1,"A3_07_06.RDS","767","431","135","374","443","51","34","188","632"
"B1_02_01.RDS",1,"B1_02_01.RDS","552","184","31","1040","669","31","17","407","621"
"B1_02_02.RDS",1,"B1_02_02.RDS","577","300","48","877","517","69","38","525","675"
"B1_02_03.RDS",1,"B1_02_03.RDS","707","128","218","108","228","121","230","77","179"
"B1_02_04.RDS",1,"B1_02_04.RDS","513","139","198","90","278","107","196","66","269"
"B1_02_05.RDS",1,"B1_02_05.RDS","347","205","215","513","1414","104","109","192","995"
"B1_02_06.RDS",1,"B1_02_06.RDS","500","228","168","756","1262","64","79","142","744"
"B1_02_07.RDS",1,"B1_02_07.RDS","446","61","61","196","574","61","83","708","1374"
"B1_02_08.RDS",1,"B1_02_08.RDS","256","70","65","204","586","72","73","735","1398"
"B1_02_09.RDS",1,"B1_02_09.RDS","970","297","186","279","643","107","27","77","92"
"B1_02_10.RDS",1,"B1_02_10.RDS","970","161","126","277","661","121","17","131","147"
"B1_02_11.RDS",1,"B1_02_11.RDS","648","281","60","605","84","101","7","299","17"
"B1_02_12.RDS",1,"B1_02_12.RDS","775","359","56","868","64","79","9","226","12"
"B1_03_03.RDS",2,"B1_03_03.RDS","509","64","33","80","69","70","24","559","636"
"B1_03_04.RDS",2,"B1_03_04.RDS","649","118","39","183","128","91","31","950","1148"
"B1_03_05.RDS",1,"B1_03_05.RDS","486","21","10","373","117","37","6","1758","351"
"B1_03_06.RDS",1,"B1_03_06.RDS","549","83","14","642","143","73","15","1615","485"
"B1_03_07.RDS",1,"B1_03_07.RDS","1330","181","62","369","775","21","16","353","385"
"B1_03_08.RDS",1,"B1_03_08.RDS","1811","182","30","390","505","21","11","155","277"
"B1_03_09.RDS",1,"B1_03_09.RDS","409","81","7","183","19","161","72","744","706"
"B1_03_10.RDS",1,"B1_03_10.RDS","871","183","18","698","204","74","57","605","832"
"B1_03_11.RDS",2,"B1_03_11.RDS","546","103","57","271","607","32","17","153","417"
"B1_03_12.RDS",2,"B1_03_12.RDS","601","153","157","517","1188","45","69","284","1187"
"B1_04_01.RDS",1,"B1_04_01.RDS","722","410","5","689","47","99","2","1032","25"
"B1_04_02.RDS",1,"B1_04_02.RDS","900","227","14","502","81","148","10","1391","45"
"B1_04_03.RDS",1,"B1_04_03.RDS","409","176","39","548","651","20","1","65","23"
"B1_04_04.RDS",1,"B1_04_04.RDS","440","219","46","592","492","17","2","69","14"
"B1_04_05.RDS",2,"B1_04_05.RDS","1260","49","33","91","114","27","39","46","140"
"B1_04_06.RDS",1,"B1_04_06.RDS","934","184","91","154","195","67","63","174","207"
"B1_04_07.RDS",1,"B1_04_07.RDS","739","242","99","286","453","112","86","304","844"
"B1_04_09.RDS",1,"B1_04_09.RDS","221","26","34","170","546","57","49","605","1037"
"B1_04_10.RDS",1,"B1_04_10.RDS","240","40","25","191","365","42","15","463","669"
"B1_04_11.RDS",1,"B1_04_11.RDS","949","189","81","1038","1041","114","37","828","837"
"B1_04_12.RDS",1,"B1_04_12.RDS","971","174","52","591","485","248","104","1219","1103"
"B1_05_03.RDS",1,"B1_05_03.RDS","1084","540","71","678","521","49","6","227","124"
"B1_05_04.RDS",2,"B1_05_04.RDS","627","264","66","362","342","49","17","145","152"
"B1_05_06.RDS",1,"B1_05_06.RDS","452","247","201","978","2034","108","21","529","447"
"B1_05_07.RDS",1,"B1_05_07.RDS","466","284","146","709","669","113","83","527","847"
"B1_05_08.RDS",1,"B1_05_08.RDS","722","155","44","408","271","61","11","334","343"
"B1_05_11.RDS",1,"B1_05_11.RDS","519","146","17","593","178","166","16","1478","407"
"B1_05_12.RDS",1,"B1_05_12.RDS","619","102","8","551","177","99","13","1339","554"
"B1_06_01.RDS",1,"B1_06_01.RDS","192","30","74","56","407","105","153","245","917"
"B1_06_02.RDS",1,"B1_06_02.RDS","391","69","31","222","155","91","129","380","733"
"B1_06_03.RDS",1,"B1_06_03.RDS","2243","140","1","568","28","60","451","2",NA
"B1_06_04.RDS",2,"B1_06_04.RDS","2366","135","2","550","37","15","1","153","8"
"B1_06_07.RDS",1,"B1_06_07.RDS","1020","177","293","435","1744","51","40","185","261"
"B1_06_08.RDS",1,"B1_06_08.RDS","644","155","393","516","2416","81","28","293","234"
"B1_06_09.RDS",1,"B1_06_09.RDS","691","339","70","484","488","38","24","101","125"
"B1_06_10.RDS",1,"B1_06_10.RDS","663","301","68","561","479","42","12","79","129"
"B1_06_11.RDS",1,"B1_06_11.RDS","750","311","660","384","742","167","233","294","391"
"B1_06_12.RDS",1,"B1_06_12.RDS","615","315","502","432","692","201","233","259","404"
"B1_07_01.RDS",2,"B1_07_01.RDS","774","69","112","121","347","33","75","103","483"
"B1_07_02.RDS",2,"B1_07_02.RDS","716","118","115","154","399","50","126","89","403"
"B1_07_03.RDS",1,"B1_07_03.RDS","555","472","194","984","313","373","71","574","98"
"B1_07_04.RDS",1,"B1_07_04.RDS","700","412","224","971","339","178","55","510","121"
"B1_07_07.RDS",1,"B1_07_07.RDS","1006","185","20","583","168","147","15","745","99"
"B1_07_08.RDS",2,"B1_07_08.RDS","508","195","49","299","473","157","63","250","220"
"B1_07_09.RDS",2,"B1_07_09.RDS","829","76","107","102","298","5","7","3","42"
"B1_07_10.RDS",1,"B1_07_10.RDS","269","263","46","675","399","35","20","132","253"
"B1_07_11.RDS",2,"B1_07_11.RDS","542","218","868","67","451","113","101","85","92"
"B1_07_12.RDS",1,"B1_07_12.RDS","314","566","1528","298","860","196","115","154","112"
"B2_01_01.RDS",1,"B2_01_01.RDS","462","142","55","491","225","132","61","1037","578"
"B2_01_02.RDS",1,"B2_01_02.RDS","425","149","84","519","280","110","72","856","441"
"B2_01_05.RDS",1,"B2_01_05.RDS","307","101","91","109","249","31","35","131","242"
"B2_01_06.RDS",1,"B2_01_06.RDS","713","223","108","281","632","15","9","62","262"
"B2_01_09.RDS",1,"B2_01_09.RDS","254","123","83","304","167","214","75","696","314"
"B2_01_10.RDS",1,"B2_01_10.RDS","324","164","70","168","99","273","100","601","310"
"B2_01_11.RDS",1,"B2_01_11.RDS","370","235","258","516","1684","57","46","192","558"
"B2_01_12.RDS",1,"B2_01_12.RDS","527","208","166","656","1696","36","49","204","561"
"B2_02_01.RDS",2,"B2_02_01.RDS","438","219","342","281","94","162","366","251","137"
"B2_02_02.RDS",1,"B2_02_02.RDS","895","410","190","1161","164","74","131","201","117"
"B2_02_05.RDS",1,"B2_02_05.RDS","1000","20","4","130","129","22","10","223","307"
"B2_02_06.RDS",1,"B2_02_06.RDS","1251","24","12","198","182","35","23","249","344"
"B2_02_07.RDS",1,"B2_02_07.RDS","470","168","7","744","161","119","7","740","199"
"B2_02_09.RDS",1,"B2_02_09.RDS","430","337","26","1245","140","83","5","1199","72"
"B2_02_10.RDS",1,"B2_02_10.RDS","419","334","10","1420","99","95","1","1341","51"
"B2_02_11.RDS",1,"B2_02_11.RDS","384","101","147","143","1257","28","168","78","1893"
"B2_02_12.RDS",1,"B2_02_12.RDS","523","114","157","212","1075","68","212","112","1801"
"B2_03_03.RDS",2,"B2_03_03.RDS","482","259","624","256","616","308","588","290","462"
"B2_03_04.RDS",2,"B2_03_04.RDS","351","242","178","153","202","169","123","105","162"
"B2_03_05.RDS",1,"B2_03_05.RDS","1150","167","5","186","3","29","492","1",NA
"B2_03_06.RDS",1,"B2_03_06.RDS","590","188","7","198","8","27","2","695","10"
"B2_03_07.RDS",1,"B2_03_07.RDS","848","636","538","1005","366","138","72","161","91"
"B2_03_09.RDS",1,"B2_03_09.RDS","444","117","171","302","537","185","243","629","1053"
"B2_03_10.RDS",1,"B2_03_10.RDS","585","162","151","305","561","199","183","674","911"
"B2_03_11.RDS",1,"B2_03_11.RDS","553","407","819","235","664","40","213","33","273"
"B2_03_12.RDS",1,"B2_03_12.RDS","465","390","719","244","544","57","268","56","278"
"B2_04_01.RDS",1,"B2_04_01.RDS","177","227","159","684","668","140","30","562","198"
"B2_04_02.RDS",1,"B2_04_02.RDS","320","281","217","722","687","164","49","492","228"
"B2_04_03.RDS",1,"B2_04_03.RDS","997","468","266","486","113","560","1112","235","186"
"B2_04_06.RDS",1,"B2_04_06.RDS","565","306","115","917","1265","108","71","301","836"
"B2_04_07.RDS",1,"B2_04_07.RDS","622","182","77","472","638","134","23","735","364"
"B2_04_08.RDS",2,"B2_04_08.RDS","1166","156","61","377","301","57","23","391","333"
"B2_04_09.RDS",2,"B2_04_09.RDS","189","148","118","331","36","112","104","149","46"
"B2_04_10.RDS",1,"B2_04_10.RDS","1282","450","24","1639","135","23","4","134","12"
"B2_04_11.RDS",1,"B2_04_11.RDS","951","141","15","196","54","37","16","155","163"
"B2_04_12.RDS",1,"B2_04_12.RDS","554","94","16","233","69","11","9","55","87"
"B2_05_02.RDS",1,"B2_05_02.RDS","433","547","533","164","264","142","388","76","164"
"B2_05_05.RDS",1,"B2_05_05.RDS","1633","198","18","509","172","18","2","56","41"
"B2_05_06.RDS",1,"B2_05_06.RDS","1812","382","24","607","149","33","4","111","71"
"B2_05_07.RDS",1,"B2_05_07.RDS","587","297","219","289","661","131","68","279","435"
"B2_05_08.RDS",1,"B2_05_08.RDS","637","225","155","236","497","102","49","227","314"
"B2_05_09.RDS",1,"B2_05_09.RDS","443","214","210","237","671","83","205","101","654"
"B2_05_10.RDS",1,"B2_05_10.RDS","448","201","306","347","657","65","201","110","406"
"B2_05_11.RDS",1,"B2_05_11.RDS","645","385","971","117","23","148","569","56","26"
"B2_05_12.RDS",1,"B2_05_12.RDS","563","338","1038","125","49","145","732","35","28"
"B2_06_02.RDS",1,"B2_06_02.RDS","2372","10","24","5","28","14","46","51","188"
"B2_06_03.RDS",1,"B2_06_03.RDS","201","158","26","449","171","83","34","405","138"
"B2_06_04.RDS",1,"B2_06_04.RDS","226","80","13","272","149","63","22","324","156"
"B2_06_07.RDS",1,"B2_06_07.RDS","1367","221","181","102","468","28","25","5","102"
"B2_06_08.RDS",1,"B2_06_08.RDS","1770","338","259","144","202","40","159","20","222"
"B2_06_09.RDS",1,"B2_06_09.RDS","321","91","412","15","2","111","2409","25","33"
"B2_06_10.RDS",2,"B2_06_10.RDS","219","104","258","6","1","101","1456","10","29"
"B2_06_11.RDS",1,"B2_06_11.RDS","688","224","99","717","1107","21","23","70","346"
"B2_06_12.RDS",1,"B2_06_12.RDS","732","147","89","321","978","9","15","18","280"
"B2_07_01.RDS",1,"B2_07_01.RDS","547","196","56","1014","828","24","4","73","189"
"B2_07_02.RDS",2,"B2_07_02.RDS","879","264","81","1181","700","20","7","79","164"
"B2_07_07.RDS",2,"B2_07_07.RDS","724","230","138","716","1082","85","73","477","820"
"B2_07_08.RDS",2,"B2_07_08.RDS","328","155","89","277","470","59","50","240","481"
"B2_07_09.RDS",1,"B2_07_09.RDS","248","61","20","116","264","148","115","336","1971"
"B2_07_10.RDS",2,"B2_07_10.RDS","314","71","12","64","187","35","46","96","1026"
"B2_07_11.RDS",1,"B2_07_11.RDS","403","107","33","268","523","20","19","143","439"
"B2_07_12.RDS",1,"B2_07_12.RDS","451","122","18","280","578","20","5","97","441"
"B3_01_01.RDS",2,"B3_01_01.RDS","1433","87","25","336","153","8","4","41","40"
"B3_01_03.RDS",1,"B3_01_03.RDS","288","385","644","149","189","247","210","105","125"
"B3_01_04.RDS",1,"B3_01_04.RDS","324","270","600","75","191","156","244","47","106"
"B3_01_05.RDS",1,"B3_01_05.RDS","674","227","43","451","397","99","22","325","229"
"B3_01_06.RDS",1,"B3_01_06.RDS","844","395","61","952","821","107","12","370","222"
"B3_01_07.RDS",1,"B3_01_07.RDS","545","497","863","743","1709","57","210","156","520"
"B3_01_08.RDS",1,"B3_01_08.RDS","1180","272","204","507","888","19","60","107","432"
"B3_01_09.RDS",1,"B3_01_09.RDS","478","209","78","426","282","92","77","516","542"
"B3_01_10.RDS",1,"B3_01_10.RDS","910","276","23","483","195","129","50","495","336"
"B3_01_11.RDS",1,"B3_01_11.RDS","1297","166","1","220","2","330","3","637",NA
"B3_01_12.RDS",1,"B3_01_12.RDS","1222","218","3","228","2","522","652",NA,NA
"B3_02_01.RDS",1,"B3_02_01.RDS","207","130","5","520","187","36","9","359","221"
"B3_02_02.RDS",1,"B3_02_02.RDS","356","243","28","774","320","71","8","599","215"
"B3_02_03.RDS",1,"B3_02_03.RDS","858","114","37","264","217","86","44","468","522"
"B3_02_04.RDS",1,"B3_02_04.RDS","1190","587","186","22","25","399","190","37","33"
"B3_02_07.RDS",1,"B3_02_07.RDS","560","88","372","44","17","98","525","68","70"
"B3_02_08.RDS",1,"B3_02_08.RDS","701","80","586","11","6","90","558","14","8"
"B3_02_09.RDS",1,"B3_02_09.RDS","2964","41","2","32","1","7","2","13","6"
"B3_02_10.RDS",2,"B3_02_10.RDS","2514","24","1","31","4","6","6","2",NA
"B3_02_11.RDS",2,"B3_02_11.RDS","620","89","11","135","16","73","87","115","257"
"B3_02_12.RDS",2,"B3_02_12.RDS","680","174","10","179","7","102","125","172","252"
"B3_03_02.RDS",1,"B3_03_02.RDS","645","98","44","169","147","167","103","1483","1179"
"B3_03_03.RDS",2,"B3_03_03.RDS","565","286","211","135","36","74","98","41","21"
"B3_03_05.RDS",1,"B3_03_05.RDS","1444","252","77","241","154","141","43","272","275"
"B3_03_06.RDS",1,"B3_03_06.RDS","724","204","42","325","143","82","27","232","134"
"B3_03_09.RDS",2,"B3_03_09.RDS","769","72","14","173","24","76","89","539","1883"
"B3_04_01.RDS",1,"B3_04_01.RDS","902","132","47","170","46","105","35","118","46"
"B3_04_02.RDS",2,"B3_04_02.RDS","744","156","77","31","13","26","28","6","3"
"B3_04_03.RDS",1,"B3_04_03.RDS","1231","350","243","188","181","68","211","42","203"
"B3_04_04.RDS",1,"B3_04_04.RDS","572","127","490","140","860","29","216","49","467"
"B3_04_05.RDS",1,"B3_04_05.RDS","1251","624","22","775","47","227","16","281","41"
"B3_04_06.RDS",1,"B3_04_06.RDS","1222","700","31","712","14","245","21","270","33"
"B3_04_07.RDS",1,"B3_04_07.RDS","400","123","286","194","283","53","91","94","127"
"B3_04_08.RDS",1,"B3_04_08.RDS","341","69","344","150","411","27","82","110","160"
"B3_04_10.RDS",2,"B3_04_10.RDS","533","736","22","710","95","57","2","235","44"
"B3_04_11.RDS",1,"B3_04_11.RDS","993","579","61","556","66","119","26","150","17"
"B3_04_12.RDS",1,"B3_04_12.RDS","1956","660","113","747","51","191","33","131","22"
"B3_05_01.RDS",2,"B3_05_01.RDS","550","117","56","202","382","72","134","132","1204"
"B3_05_02.RDS",2,"B3_05_02.RDS","712","135","32","206","322","72","79","141","1209"
"B3_05_03.RDS",1,"B3_05_03.RDS","943","368","284","240","155","53","112","34","84"
"B3_05_04.RDS",1,"B3_05_04.RDS","390","434","316","506","303","83","149","149","168"
"B3_05_05.RDS",1,"B3_05_05.RDS","734","343","89","573","151","138","78","363","152"
"B3_05_06.RDS",2,"B3_05_06.RDS","1159","21","6","1","5","1",NA,NA,NA
"B3_05_07.RDS",1,"B3_05_07.RDS","350","283","117","639","1309","28","10","94","158"
"B3_05_08.RDS",1,"B3_05_08.RDS","667","191","202","323","1221","49","31","81","297"
"B3_05_09.RDS",1,"B3_05_09.RDS","488","60","3","377","26","65","6","2370","22"
"B3_05_10.RDS",1,"B3_05_10.RDS","486","110","5","886","18","53","2","1623","21"
"B3_06_02.RDS",1,"B3_06_02.RDS","470","202","87","487","682","180","34","346","220"
"B3_06_03.RDS",2,"B3_06_03.RDS","621","54","26","118","198","146","138","329","1444"
"B3_06_04.RDS",2,"B3_06_04.RDS","425","45","14","136","143","80","125","218","1140"
"B3_06_05.RDS",1,"B3_06_05.RDS","561","154","70","211","676","77","35","175","385"
"B3_06_06.RDS",1,"B3_06_06.RDS","822","272","52","171","504","152","27","110","371"
"B3_06_07.RDS",1,"B3_06_07.RDS","371","114","23","472","308","177","11","1524","166"
"B3_06_08.RDS",1,"B3_06_08.RDS","340","110","15","570","390","177","10","1741","156"
"B3_06_09.RDS",1,"B3_06_09.RDS","372","231","33","1922","519","113","15","1802","361"
"B3_06_10.RDS",2,"B3_06_10.RDS","432","306","28","1764","242","177","13","2204","228"
"B3_06_11.RDS",1,"B3_06_11.RDS","1863","940","114","913","159","59","23","298","89"
"B3_06_12.RDS",1,"B3_06_12.RDS","1083","205","219","87","275","60","207","85","891"
"B3_07_01.RDS",1,"B3_07_01.RDS","602","689","452","937","811","73","10","39","16"
"B3_07_02.RDS",1,"B3_07_02.RDS","498","916","797","444","576","169","26","69","16"
"B3_07_03.RDS",1,"B3_07_03.RDS","742","135","151","8","54","417","1365","36","875"
"B3_07_05.RDS",1,"B3_07_05.RDS","489","691","758","72","35","518","330","39","22"
"B3_07_06.RDS",1,"B3_07_06.RDS","611","445","612","56","40","455","312","43","54"
"B3_07_07.RDS",2,"B3_07_07.RDS","1063","427","160","4","1","497","419","1","7"
"B3_07_08.RDS",2,"B3_07_08.RDS","849","77","60","7","6","151","147","15","24"
"B3_07_09.RDS",1,"B3_07_09.RDS","383","622","186","967","283","122","56","366","241"
"B3_07_10.RDS",1,"B3_07_10.RDS","709","637","299","665","282","118","62","275","240"
"B3_07_11.RDS",1,"B3_07_11.RDS","549","200","109","214","40","295","1304","117","136"
"B3_07_12.RDS",1,"B3_07_12.RDS","756","181","118","250","18","306","1208","74","154"
"B4_01_01.RDS",1,"B4_01_01.RDS","596","174","134","302","1075","3","3","7","24"
"B4_01_02.RDS",1,"B4_01_02.RDS","772","128","112","216","773","2","15","5","42"
"B4_01_03.RDS",1,"B4_01_03.RDS","634","216","57","273","210","159","12","294","104"
"B4_01_04.RDS",1,"B4_01_04.RDS","519","360","65","355","327","159","12","400","118"
"B4_01_05.RDS",1,"B4_01_05.RDS","744","869","162","630","171","284","76","324","84"
"B4_01_06.RDS",1,"B4_01_06.RDS","434","772","235","639","277","247","64","409","158"
"B4_01_07.RDS",1,"B4_01_07.RDS","656","209","90","252","704","63","95","142","1409"
"B4_01_08.RDS",1,"B4_01_08.RDS","584","174","39","324","561","55","36","234","1217"
"B4_01_09.RDS",1,"B4_01_09.RDS","764","187","97","161","461","116","131","123","1480"
"B4_01_10.RDS",2,"B4_01_10.RDS","925","291","108","269","475","99","143","114","951"
"B4_01_11.RDS",1,"B4_01_11.RDS","645","380","427","258","457","177","153","229","191"
"B4_01_12.RDS",1,"B4_01_12.RDS","935","251","172","78","155","259","186","247","268"
"B4_02_01.RDS",2,"B4_02_01.RDS","885","740","224","19","22","151","53","3","3"
"B4_02_02.RDS",2,"B4_02_02.RDS","1179","783","228","46","52","83","7","12",NA
"B4_02_03.RDS",1,"B4_02_03.RDS","1167","539","18","245","8","218","10","463","4"
"B4_02_04.RDS",1,"B4_02_04.RDS","1026","1003","39","369","17","302","18","450","9"
"B4_02_05.RDS",1,"B4_02_05.RDS","424","445","839","7","19","414","1010","4","23"
"B4_02_06.RDS",1,"B4_02_06.RDS","1626","2",NA,NA,NA,NA,NA,NA,NA
"B4_02_07.RDS",1,"B4_02_07.RDS","446","402","1228","89","466","14","18","9","23"
"B4_02_08.RDS",1,"B4_02_08.RDS","341","393","1110","163","715","16","7","1","10"
"C1_02_01.RDS",2,"C1_02_01.RDS","271","55","103","111","390","25","74","74","397"
"C1_02_02.RDS",1,"C1_02_02.RDS","1138","255","314","600","1731","91","66","268","536"
"C1_02_05.RDS",1,"C1_02_05.RDS","3868","4","1",NA,NA,NA,NA,NA,NA
"C1_02_07.RDS",1,"C1_02_07.RDS","524","248","364","11","4","331","968","31","35"
"C1_02_08.RDS",1,"C1_02_08.RDS","543","226","372","16","20","253","835","24","53"
"C1_02_09.RDS",1,"C1_02_09.RDS","665","630","635","17","621","712","24",NA,NA
"C1_02_10.RDS",1,"C1_02_10.RDS","777","927","913","4","30","602","607","7","29"
"C1_02_11.RDS",1,"C1_02_11.RDS","2918","386","6","34","3","232","4","38","3"
"C1_02_12.RDS",1,"C1_02_12.RDS","3205","669","9","46","1","433","2","39",NA
"C1_03_01.RDS",1,"C1_03_01.RDS","693","452","903","232","329","310","373","99","139"
"C1_03_02.RDS",1,"C1_03_02.RDS","1233","436","421","224","216","255","145","73","63"
"C1_03_03.RDS",1,"C1_03_03.RDS","421","124","602","107","414","43","504","34","401"
"C1_03_04.RDS",1,"C1_03_04.RDS","408","133","559","69","285","51","639","31","246"
"C1_03_05.RDS",1,"C1_03_05.RDS","451","141","106","220","484","100","169","167","1167"
"C1_03_06.RDS",1,"C1_03_06.RDS","468","178","132","285","491","74","118","161","975"
"C1_03_07.RDS",1,"C1_03_07.RDS","802","274","35","975","277","62","7","788","118"
"C1_03_08.RDS",1,"C1_03_08.RDS","818","242","31","895","391","78","10","638","240"
"C1_03_09.RDS",1,"C1_03_09.RDS","1042","411","242","1680","1302","21","8","140","53"
"C1_03_10.RDS",1,"C1_03_10.RDS","1383","760","466","946","1037","71","10","130","47"
"C1_03_11.RDS",1,"C1_03_11.RDS","1109","262","52","493","319","38","23","482","419"
"C1_03_12.RDS",1,"C1_03_12.RDS","1228","277","135","290","363","37","30","316","447"
"C1_04_01.RDS",1,"C1_04_01.RDS","1891","152","9","90","42","6","2","15","15"
"C1_04_02.RDS",1,"C1_04_02.RDS","2412","136","7","226","23","4","5","6",NA
"C1_04_03.RDS",1,"C1_04_03.RDS","215","72","24","1110","1360","26","9","458","591"
"C1_04_04.RDS",1,"C1_04_04.RDS","303","177","59","820","750","12","14","189","287"
"C1_04_05.RDS",1,"C1_04_05.RDS","589","101","66","138","100","162","366","275","1060"
"C1_04_06.RDS",2,"C1_04_06.RDS","1366","115","4","360","72","56","2","253","68"
"C1_04_07.RDS",1,"C1_04_07.RDS","1466","417","208","213","34","67","13","24","4"
"C1_04_08.RDS",1,"C1_04_08.RDS","560","533","274","315","177","67","19","65","16"
"C1_04_09.RDS",1,"C1_04_09.RDS","786","171","351","14","33","104","525","6","103"
"C1_04_10.RDS",1,"C1_04_10.RDS","847","266","381","21","38","99","591","9","70"
"C1_04_11.RDS",1,"C1_04_11.RDS","992","398","17","1137","52","61","3","195","13"
"C1_04_12.RDS",2,"C1_04_12.RDS","685","531","56","1705","157","55","1","274","7"
"C1_05_01.RDS",2,"C1_05_01.RDS","1484","254","466","138","316","124","618","56","186"
"C1_05_02.RDS",2,"C1_05_02.RDS","620","345","993","48","61","104","1318","25","107"
"C1_05_04.RDS",1,"C1_05_04.RDS","302","1230","890","31","107","424","679","9","59"
"C1_05_05.RDS",2,"C1_05_05.RDS","386","61","68","68","202","48","55","32","241"
"C1_05_06.RDS",1,"C1_05_06.RDS","736","183","90","196","506","62","37","53","230"
"C1_05_09.RDS",2,"C1_05_09.RDS","1306","25","45","46","259","4","8","35","266"
"C1_05_10.RDS",2,"C1_05_10.RDS","991","96","297","74","574","44","120","47","303"
"C1_05_12.RDS",2,"C1_05_12.RDS","1168","148","151","209","662","46","79","218","1036"
"C1_06_01.RDS",1,"C1_06_01.RDS","1160","333","186","233","342","123","116","162","1117"
"C1_06_02.RDS",1,"C1_06_02.RDS","813","168","86","222","261","44","94","200","1505"
"C1_06_03.RDS",1,"C1_06_03.RDS","1037","186","67","1805","301","52","15","594","55"
"C1_06_04.RDS",1,"C1_06_04.RDS","458","400","38","2104","292","45","5","524","45"
"C1_06_05.RDS",2,"C1_06_05.RDS","999","692","251","1139","1164","118","36","230","252"
"C1_06_06.RDS",2,"C1_06_06.RDS","960","751","171","1116","1199","161","40","291","424"
"C1_06_07.RDS",1,"C1_06_07.RDS","871","411","185","589","471","18","21","147","277"
"C1_06_08.RDS",1,"C1_06_08.RDS","1285","243","98","417","210","13","8","112","64"
"C1_06_09.RDS",1,"C1_06_09.RDS","1207","390","28","1179","56","218","8","1358","29"
"C1_06_10.RDS",1,"C1_06_10.RDS","1214","401","22","1237","52","142","5","1331","20"
"C1_06_11.RDS",2,"C1_06_11.RDS","477","421","201","187","107","467","321","183","190"
"C1_06_12.RDS",2,"C1_06_12.RDS","742","629","90","318","71","411","99","153","44"
"C1_07_02.RDS",2,"C1_07_02.RDS","675","447","1954","100","133","248","416","15","22"
"C1_07_03.RDS",2,"C1_07_03.RDS","1049","331","295","536","602","132","98","134","173"
"C1_07_04.RDS",1,"C1_07_04.RDS","777","415","380","592","513","144","149","160","249"
"C1_07_05.RDS",1,"C1_07_05.RDS","55","14","46","14","81","10","6","37",NA
"C1_07_09.RDS",2,"C1_07_09.RDS","1911","362","222","218","495","76","56","85","161"
"C1_07_10.RDS",2,"C1_07_10.RDS","2264","508","284","310","390","63","77","81","180"
"C1_07_11.RDS",1,"C1_07_11.RDS","674","192","28","701","177","111","4","1641","192"
"C1_07_12.RDS",1,"C1_07_12.RDS","599","191","26","1279","288","121","13","1352","178"
"C2_01_01.RDS",1,"C2_01_01.RDS","332","83","48","229","1161","64","23","98","514"
"C2_01_02.RDS",1,"C2_01_02.RDS","327","126","60","398","1116","49","27","261","728"
"C2_01_03.RDS",2,"C2_01_03.RDS","1422","162","32","141","67","36","20","109","127"
"C2_01_05.RDS",1,"C2_01_05.RDS","410","130","47","123","526","78","26","58","386"
"C2_01_06.RDS",1,"C2_01_06.RDS","305","182","59","188","563","97","16","75","413"
"C2_01_07.RDS",1,"C2_01_07.RDS","381","180","93","488","922","28","79","126","1080"
"C2_01_08.RDS",1,"C2_01_08.RDS","466","95","26","321","434","23","65","202","1970"
"C2_01_10.RDS",1,"C2_01_10.RDS","440","294","80","1206","571","25","3","93","36"
"C2_01_11.RDS",1,"C2_01_11.RDS","1224","713","368","612","248","103","131","105","76"
"C2_01_12.RDS",1,"C2_01_12.RDS","1416","550","403","468","79","70","95","53","18"
"C2_02_01.RDS",2,"C2_02_01.RDS","1437","335","36","127","35","105","3","62","17"
"C2_02_03.RDS",2,"C2_02_03.RDS","569","162","543","352","960","83","42","134","45"
"C2_02_04.RDS",2,"C2_02_04.RDS","573","304","761","422","803","94","38","180","49"
"C2_02_06.RDS",2,"C2_02_06.RDS","504","340","87","1197","277","26","6","127","32"
"C2_02_07.RDS",1,"C2_02_07.RDS","483","350","314","884","518","169","164","357","367"
"C2_02_08.RDS",1,"C2_02_08.RDS","436","304","388","878","543","137","177","275","212"
"C2_02_09.RDS",1,"C2_02_09.RDS","772","235","15","538","148","39","54","111","1063"
"C2_02_10.RDS",1,"C2_02_10.RDS","780","333","42","301","132","133","71","209","1245"
"C2_02_11.RDS",2,"C2_02_11.RDS","257","27","80","25","22","7","96","169",NA
"C2_02_12.RDS",2,"C2_02_12.RDS","297","263","21","375","115","133","61","282","604"
"C2_03_01.RDS",2,"C2_03_01.RDS","443","496","697","126","698","143","305","70","649"
"C2_03_02.RDS",1,"C2_03_02.RDS","457","276","335","274","1170","35","91","91","733"
"C2_03_03.RDS",1,"C2_03_03.RDS","823","329","61","1261","624","188","25","445","213"
"C2_03_04.RDS",1,"C2_03_04.RDS","728","424","63","1620","714","133","21","481","209"
"C2_03_05.RDS",1,"C2_03_05.RDS","737","238","370","607","1667","62","27","271","158"
"C2_03_06.RDS",1,"C2_03_06.RDS","792","221","344","539","1750","83","27","248","147"
"C2_03_07.RDS",1,"C2_03_07.RDS","485","252","879","80","66","200","532","97","49"
"C2_03_08.RDS",1,"C2_03_08.RDS","599","174","963","66","84","198","630","94","96"
"C2_03_09.RDS",1,"C2_03_09.RDS","405","169","196","205","641","54","115","107","637"
"C2_03_10.RDS",2,"C2_03_10.RDS","549","253","134","386","463","79","61","171","562"
"C2_03_11.RDS",2,"C2_03_11.RDS","432","426","58","207","82","252","55","351","187"
"C2_03_12.RDS",2,"C2_03_12.RDS","1141","479","91","428","216","86","20","257","102"
"C2_04_02.RDS",2,"C2_04_02.RDS","1080","387","172","421","326","193","86","226","206"
"C2_04_03.RDS",2,"C2_04_03.RDS","1245","372","113","254","105","53","12","40","21"
"C2_04_05.RDS",2,"C2_04_05.RDS","1136","617","548","1469","1261","51","20","159","70"
"C2_04_06.RDS",2,"C2_04_06.RDS","929","629","357","1072","719","75","24","119","38"
"C2_04_07.RDS",1,"C2_04_07.RDS","511","184","223","513","1378","132","83","253","303"
"C2_04_08.RDS",1,"C2_04_08.RDS","812","111","160","343","1897","48","27","90","380"
"C2_04_09.RDS",1,"C2_04_09.RDS","512","97","147","122","540","16","98","103","1490"
"C2_04_10.RDS",1,"C2_04_10.RDS","603","114","180","105","481","41","156","87","1532"
"C2_04_12.RDS",1,"C2_04_12.RDS","772","180","68","205","376","69","98","235","1031"
"C2_05_03.RDS",1,"C2_05_03.RDS","435","199","367","74","193","149","421","68","174"
"C2_05_04.RDS",1,"C2_05_04.RDS","851","417","318","267","244","419","528","290","149"
"C2_05_06.RDS",1,"C2_05_06.RDS","318","129","73","54","160","124","123","35","142"
"C2_05_08.RDS",1,"C2_05_08.RDS","669","285","554","11","35","406","237","21","18"
"C2_05_09.RDS",2,"C2_05_09.RDS","3193","77","63","91","120","70","57","267","211"
"C2_05_10.RDS",1,"C2_05_10.RDS","3557","103","5","214","25","68","44","105","32"
"C2_05_11.RDS",1,"C2_05_11.RDS","608","191","135","245","805","126","88","127","451"
"C2_05_12.RDS",1,"C2_05_12.RDS","478","205","177","169","672","104","130","55","597"
"C2_06_01.RDS",1,"C2_06_01.RDS","319","49","145","62","1125","89","171","98","1604"
"C2_06_03.RDS",1,"C2_06_03.RDS","628","200","192","716","2685","53","7","379","422"
"C2_06_04.RDS",1,"C2_06_04.RDS","775","267","140","915","1726","83","22","621","494"
"C2_06_06.RDS",1,"C2_06_06.RDS","427","122","130","186","577","203","193","394","983"
"C2_06_07.RDS",1,"C2_06_07.RDS","446","190","15","587","124","64","7","1289","235"
"C2_06_09.RDS",1,"C2_06_09.RDS","352","56","82","207","1009","51","82","101","1273"
"C2_06_10.RDS",1,"C2_06_10.RDS","252","85","66","216","603","101","199","163","1423"
"C2_06_11.RDS",1,"C2_06_11.RDS","412","83","223","83","157","172","871","148","864"
"C2_06_12.RDS",1,"C2_06_12.RDS","372","153","328","34","26","331","1709","31","141"
"C2_07_01.RDS",1,"C2_07_01.RDS","374","130","15","457","492","56","12","352","460"
"C2_07_05.RDS",1,"C2_07_05.RDS","536","314","161","8","8","910","539","34","43"
"C2_07_06.RDS",1,"C2_07_06.RDS","1003","362","234","22","36","738","411","26","53"
"C2_07_07.RDS",1,"C2_07_07.RDS","1288","363","536","218","596","190","316","114","288"
"C2_07_08.RDS",1,"C2_07_08.RDS","252","118","288","24","151","119","552","16","260"
"C2_07_09.RDS",1,"C2_07_09.RDS","386","152","638","10","13","256","899","10","16"
"C2_07_10.RDS",1,"C2_07_10.RDS","932","243","305","32","19","301","601","23","25"
"C2_07_11.RDS",1,"C2_07_11.RDS","936","291","21","802","185","198","14","757","365"
"C2_07_12.RDS",1,"C2_07_12.RDS","1100","299","26","1015","162","160","14","791","130"
"C3_01_01.RDS",1,"C3_01_01.RDS","606","171","107","56","89","152","201","175","332"
"C3_01_02.RDS",1,"C3_01_02.RDS","879","165","255","45","231","91","262","69","307"
"C3_01_03.RDS",1,"C3_01_03.RDS","1496","125","85","54","105","43","302","18","769"
"C3_01_05.RDS",2,"C3_01_05.RDS","1795","2","1","1",NA,NA,NA,NA,NA
"C3_01_06.RDS",1,"C3_01_06.RDS","3820",NA,NA,NA,NA,NA,NA,NA,NA
"C3_01_07.RDS",2,"C3_01_07.RDS","2109","641","172","1","466","290","3","1",NA
"C3_01_09.RDS",1,"C3_01_09.RDS","919","169","145","695","945","53","226","217","1461"
"C3_01_10.RDS",1,"C3_01_10.RDS","1158","204","228","590","786","61","355","162","1197"
"C3_02_01.RDS",2,"C3_02_01.RDS","719","440","1605","12","234","73","103","6","23"
"C3_02_02.RDS",2,"C3_02_02.RDS","870","141","609","3","42","24","119","1","14"
"C3_02_03.RDS",2,"C3_02_03.RDS","1201","1921","1724","84","208","179","70","10","5"
"C3_02_05.RDS",1,"C3_02_05.RDS","721","43","3","31","19","158","393","299","2361"
"C3_02_06.RDS",1,"C3_02_06.RDS","963","47","5","82","38","95","278","415","2307"
"C3_02_07.RDS",1,"C3_02_07.RDS","1182","189","43","907","307","106","16","407","83"
"C3_02_08.RDS",1,"C3_02_08.RDS","822","201","45","833","297","100","12","367","43"
"C3_02_09.RDS",1,"C3_02_09.RDS","609","105","115","193","446","81","74","146","349"
"C3_02_10.RDS",1,"C3_02_10.RDS","832","185","364","194","667","91","154","116","342"
"C3_02_11.RDS",2,"C3_02_11.RDS","3036","51","11","25","14","2",NA,NA,NA
"C3_03_01.RDS",1,"C3_03_01.RDS","569","171","81","360","478","120","61","579","690"
"C3_03_02.RDS",1,"C3_03_02.RDS","519","135","52","330","366","51","43","461","718"
"C3_03_04.RDS",1,"C3_03_04.RDS","676","198","124","326","1197","70","41","124","212"
"C3_03_05.RDS",1,"C3_03_05.RDS","178","1513","52","2020","106","365","23","685","50"
"C3_03_06.RDS",2,"C3_03_06.RDS","1988","830","36","1219","84","186","14","368","41"
"C3_03_07.RDS",1,"C3_03_07.RDS","1376","171","106","152","143","89","90","304","398"
"C3_03_08.RDS",2,"C3_03_08.RDS","271","132","60","83","65","50","75","83","188"
"C3_03_09.RDS",2,"C3_03_09.RDS","1210","43","1","517","192","24","192","31",NA
"C3_03_10.RDS",2,"C3_03_10.RDS","957","5","60","22","1","14","34",NA,NA
"C3_04_01.RDS",2,"C3_04_01.RDS","714","264","334","340","1527","144","157","133","761"
"C3_04_02.RDS",2,"C3_04_02.RDS","645","358","279","442","1232","155","143","135","582"
"C3_04_03.RDS",2,"C3_04_03.RDS","613","92","7","704","108","26","6","504","187"
"C3_04_04.RDS",2,"C3_04_04.RDS","1868","15","9","7","1","1","1",NA,NA
"C3_04_05.RDS",1,"C3_04_05.RDS","735","313","204","289","458","123","316","139","867"
"C3_04_06.RDS",1,"C3_04_06.RDS","592","392","299","245","515","74","309","63","759"
"C3_04_10.RDS",2,"C3_04_10.RDS","2980","231","5","97","2","45","9","45","49"
"C3_05_01.RDS",2,"C3_05_01.RDS","301","125","114","69","190","56","109","44","251"
"C3_05_02.RDS",2,"C3_05_02.RDS","294","148","116","54","168","75","107","19","200"
"C3_05_03.RDS",2,"C3_05_03.RDS","569","257","66","495","800","15","1","70","46"
"C3_05_04.RDS",2,"C3_05_04.RDS","938","231","76","564","786","30","1","101","37"
"C3_05_06.RDS",2,"C3_05_06.RDS","575","189","58","371","346","171","65","554","726"
"C3_05_07.RDS",2,"C3_05_07.RDS","315","44","10","63","45","17","16","89","223"
"C3_05_08.RDS",1,"C3_05_08.RDS","357","38","6","111","77","32","11","456","379"
